{"loss": [2.848520040512085, 1.6731058359146118, 1.551403522491455, 1.4412119388580322, 1.2978335618972778, 1.2219738960266113, 1.2405925989151, 1.1879278421401978, 1.155501365661621, 1.162508249282837, 1.0927377939224243, 1.0699563026428223, 1.0623246431350708, 1.0432285070419312, 1.07012939453125, 1.0444693565368652, 1.0053504705429077, 1.009627342224121, 1.0271140336990356, 0.9772992134094238, 1.0008087158203125, 0.9830472469329834, 0.951902449131012, 0.9601972699165344, 0.9520559310913086, 0.9074988961219788, 0.9227859377861023, 0.9405868649482727, 0.9027878642082214, 0.8909168243408203, 0.8811377882957458, 0.8780583143234253, 0.8560760617256165, 0.855495035648346, 0.8254079222679138, 0.839358925819397, 0.8169030547142029, 0.8405295014381409, 0.784490704536438, 0.8041139841079712, 0.7986791729927063, 0.7929915189743042, 0.7784307599067688, 0.7644662857055664, 0.7501198053359985, 0.7359675765037537, 0.7664079666137695, 0.7290036678314209, 0.7286996841430664, 0.7250253558158875], "accuracy": [0.23878537118434906, 0.2902001440525055, 0.32367148995399475, 0.37577641010284424, 0.41994479298591614, 0.45652174949645996, 0.45410627126693726, 0.4582470655441284, 0.483091801404953, 0.4896480441093445, 0.5037957429885864, 0.5089716911315918, 0.5244996547698975, 0.5196687579154968, 0.5175983309745789, 0.5272601842880249, 0.52173912525177, 0.5362318754196167, 0.536922037601471, 0.54347825050354, 0.5483092069625854, 0.5493443608283997, 0.5665976405143738, 0.5489993095397949, 0.5621117949485779, 0.5910972952842712, 0.5797101259231567, 0.5752242803573608, 0.5852311849594116, 0.6042097806930542, 0.5983436703681946, 0.6017943620681763, 0.6169772148132324, 0.6107660531997681, 0.6414768695831299, 0.6297446489334106, 0.6376811861991882, 0.6397515535354614, 0.6542443037033081, 0.6445824503898621, 0.6549344658851624, 0.6535542011260986, 0.6473429799079895, 0.6687370538711548, 0.6759834289550781, 0.6783989071846008, 0.6604554653167725, 0.6835748553276062, 0.6887508630752563, 0.6780538558959961], "val_loss": [1.672959804534912, 1.49098801612854, 1.3057971000671387, 1.1174615621566772, 1.0674631595611572, 0.9507431387901306, 0.9439941644668579, 0.915407121181488, 0.9230116009712219, 0.935900092124939, 0.8606889843940735, 0.8865758180618286, 0.9065845012664795, 0.8674748539924622, 0.8791875839233398, 0.8104334473609924, 0.7899342775344849, 0.8715328574180603, 0.8382713794708252, 0.7690054774284363, 0.8187780380249023, 0.8446438312530518, 0.7728957533836365, 0.7944639921188354, 0.6816420555114746, 0.7159997224807739, 0.7345290780067444, 0.8319222331047058, 0.7100329995155334, 0.6885883808135986, 0.6814538836479187, 0.6670383810997009, 0.6098313927650452, 0.6819978952407837, 0.6172406077384949, 0.5681278109550476, 0.6185303926467896, 0.545276403427124, 0.5985348224639893, 0.616239070892334, 0.6158671379089355, 0.5282685160636902, 0.5446276068687439, 0.6774182319641113, 0.5735524296760559, 0.5352129340171814, 0.4873362183570862, 0.4672273099422455, 0.609915018081665, 0.5026297569274902], "val_accuracy": [0.2993103563785553, 0.38896551728248596, 0.4882758557796478, 0.521379292011261, 0.5641379356384277, 0.5682758688926697, 0.5489655137062073, 0.595862090587616, 0.5379310250282288, 0.569655179977417, 0.5834482908248901, 0.5668965578079224, 0.569655179977417, 0.5820689797401428, 0.5986207127571106, 0.6179310083389282, 0.6055172681808472, 0.6262068748474121, 0.5875862240791321, 0.6675862073898315, 0.6027586460113525, 0.5986207127571106, 0.6413792967796326, 0.6220689415931702, 0.725517213344574, 0.6965517401695251, 0.634482741355896, 0.6234482526779175, 0.7200000286102295, 0.6579310297966003, 0.6772413849830627, 0.7131034731864929, 0.7062069177627563, 0.7020689845085144, 0.7268965244293213, 0.7420689463615417, 0.7282758355140686, 0.7544827461242676, 0.7103448510169983, 0.725517213344574, 0.7213793396949768, 0.77379310131073, 0.7448275685310364, 0.6965517401695251, 0.7462068796157837, 0.7627586126327515, 0.8027586340904236, 0.7903448343276978, 0.725517213344574, 0.7875862121582031], "total_images": 3623, "train_images": 2898, "test_images": 725, "accuracy_percentage": 78.75862068965517, "classification_report": {"binh_thuong": {"precision": 0.8303571428571429, "recall": 0.9489795918367347, "f1-score": 0.8857142857142859, "support": 196.0}, "buon": {"precision": 0.9764705882352941, "recall": 0.9120879120879121, "f1-score": 0.9431818181818181, "support": 91.0}, "cuoi": {"precision": 0.9430379746835443, "recall": 0.8324022346368715, "f1-score": 0.884272997032641, "support": 179.0}, "ngac_nhien": {"precision": 0.6, "recall": 0.9391304347826087, "f1-score": 0.7322033898305085, "support": 115.0}, "so_hai": {"precision": 0.3333333333333333, "recall": 0.0136986301369863, "f1-score": 0.02631578947368421, "support": 73.0}, "tuc_gian": {"precision": 0.5866666666666667, "recall": 0.6197183098591549, "f1-score": 0.6027397260273973, "support": 71.0}, "accuracy": 0.7875862068965517, "macro avg": {"precision": 0.711644284295997, "recall": 0.7110028522233779, "f1-score": 0.6790713343767224, "support": 725.0}, "weighted avg": {"precision": 0.7660679829854247, "recall": 0.7875862068965517, "f1-score": 0.7539770688736839, "support": 725.0}}}